{
    "hope4Iran": "امید برای ایران",
    "projectListDetail": {
        "heading": "از ماموریت ما حمایت کنید، امروز زندگی را تغییر دهید",
        "para": "هدف ما ایجاد تغییرات تأثیرگذار در زندگی افرادی است که نیاز اولیه بقا یا فرصت مناسب برای رسیدن به رویای خود را دریافت نمی کنند. با Hope4Iran شما نیز می توانید دست یاری باشید.",
        "para2": "ما باید پول کافی برای توانمندسازی ایران بیاوریم. لطفاً برای حمایت از این ابتکار کمک مالی را در نظر بگیرید.",
        "all": "همه",
        "hide": "پنهان کردن بیشتر",
        "learn": "بیشتر بدانید",
        "organizer": "هماهنگ کننده",
        "contact": "تماس",
        "wordSupport": "صحبت های حمایت کنندگان",
        "noRecord": "هیچ سابقه ای پیدا نشد",
        "showMore": "بیشتر نشان بده، اطلاعات بیشتر",
        "showLess": "کمتر نشان دادن",
        "peopleMadeDonation": "مردم به تازگی کمک مالی کرده اند"
    },
    "button": {
        "donate": "اکنون اهداء کنید",
        "share": "اشتراک گذاری",
        "oneTime": "یک بار",
        "monthly": "ماهانه",
        "submit": "ارسال"
    },
    "common": {
        "Donations": "کمک های مالی",
        "Created": "ایجاد شده",
        "Raised": "  جمع شد",
        "target": "هدف",
        "of": "از",
        "shareThis": "این را به اشتراک بگذارید:",
        "seeAll": "همه را ببین",
        "logout": "خروج",
        "noMoreCategories": "دسته‌بندی‌های بیشتری وجود ندارد",
        "noMoreProject": "پروژه دیگری وجود ندارد",
        "loadMore": "بارگذاری بیشتر"
    },
    "blogDetail": {
        "blog": "بلوگ ",
        "latestBlog": "آخرین وبلاگ"
    },
    "blog": {
        "header": "امید برای ایران وبلاگ",
        "heading": "داستان هایی از قلب تلاش های خیریه ما",
        "para": "ما بخشی از چندین کمپین تامین مالی جمعی بوده ایم. تجربیات ما بسیار آگاهانه از طریق این داستان ها منتقل می شود، که به شما کمک می کند Hope4Iran را بهتر درک کنید."
    },
    "latestBlog": {
        "latestBlog": "آخرین وبلاگ",
        "para": "فعالیت‌های اخیر ما هیجان‌انگیز و رضایت‌بخش بوده است، زیرا توانستیم سهم عمده‌ای در کمک به افراد نیازمند به تحصیل، ورزش، امور خیریه و موارد دیگر داشته باشیم."
    },
    "allBlog": {
        "allBlog": "همه بلوگ ",
        "para": "هنگامی که بدانید چگونه کار می کنیم، نمی توانید جلوی خود را بگیرید تا بخشی از تیم ما باشید. در مورد داستان های موفقیت ما در این وبلاگ ها بیاموزید."
    },
    "header": {
        "pages": [
            {
                "name": "درباره ما",
                "link": "About Us"
            },
            {
                "name": "دسته بندی ها",
                "link": "Categories"
            },
            {
                "name": "پروژه",
                "link": "Project"
            },
            {
                "name": "بلوگ",
                "link": "Blog"
            },
            {
                "name": "تماس",
                "link": "Contact Us"
            }
        ],
        "Categories": "دسته بندی ها",
        "Project": "پروژه"
    },
    "footer": {
        "heading1": "لینک های مفید",
        "heading2": "   در قبالبالا بردن سرمایه",
        "heading3": "رسانه های اجتماعی",
        "privacy": "سیاست حفظ حریم خصوصی",
        "terms": "شرایط استفاده",
        "text": "ما پلتفرم جمع‌آوری سرمایه برتری هستیم که برای کمک به افراد نیازمند به وجود آمده است. ما به قدرت افرادی که با هم در زمان‌های بحرانی یکدیگر را حمایت می‌کنند، ایمان داریم. ما یک رابط کاربری امن و دوست‌داشتنی، شفافیت و امنیت فراهم می‌کنیم تا به ایجاد تفاوت کمک کنیم.",
        "pages": [
            {
                "name": "درباره ما",
                "link": "About Us"
            },
            {
                "name": "پروژه",
                "link": "Project"
            },
            {
                "name": "بلوگ ",
                "link": "Blog"
            },
            {
                "name": "تماس",
                "link": "Contact Us"
            }
        ]
    },
    "home": {
        "heading": "ما در حال یک ماموریت تغییرات بزرگ هستیم. برای کمک به مردم و جهان.",
        "para": "امنیت شما اولویت ماست و ما تضمین می‌کنیم که به راحتی سرمایه‌گذاری کنید. Hope4Iran نیازهای شما را ایجاد می‌کند، مدیریت می‌کند و به اشتراک می‌گذارد و در هر گام با اخلاص به شما کمک می‌کند.",
        "supportHeading": "حمایت از ماموریت ما، زندگی‌ها را امروز تغییر دهید",
        "supportPara": "از طریق این داستان‌ها با ما آشنا شوید: ما در حال حمایت از علت‌های تغییر زندگی هستیم و اختلاف واقعی می‌سازیم. با اخلاص، ما بر تأثیری که شما قصد ایجاد آن را دارید با کمک به افراد نیازمند تمرکز داریم.",
        "supportUsHeading": "چگونه می‌توانید ما را حمایت کنید",
        "supportUsPara": "شما و هر فردی می‌توانید در ماموریت ما شرکت کنید، که وسیله‌ای بین افراد نیازمند کمک و کسانی که مایل به حمایت از آنها هستند، شوید. شما هم می‌توانید یک مشارکت‌کننده باشید."
    },
    "about": {
        "aboutMissionHeading": "ماموریت و اهداف سازمان ما",
        "aboutMissionPara": "ما یک پلتفرم برجسته جمع‌آوری سرمایه هستیم که به طور مشترک برای قدرت‌بخشیدن به افراد، سازمان‌ها و افراد نیازمند در زمان‌های اضطراری یا کسانی که می‌خواهند به هدف‌هایشان برسند کار می‌کنیم. در Hope4Iran، ما قدرت جامعه را درک می‌کنیم و دست‌ها را برای کمک و حمایت از شما در دستیابی به هدف جمع‌آوری سرمایه می‌دهیم. با تیمی از افراد هم‌اندیش که اجتماعی فعال هستند و مایل به همکاری جمعی در جامعه هستند، شما هیچ‌وقت نمی‌توانید برای ایجاد تأثیر در جمع‌آوری سرمایه برای هر علت معتبر شکست بخورید.",
        "aboutFundHeading": "جمع‌آوری سرمایه بنیادهای خیریه معتمد",
        "aboutFundPara": "ما در Hope4Iran پلی بین افرادی هستیم که نیاز به کمک دارند و کسانی که مایل به کمک به آنها هستند. ما با ساده‌ترین رویکرد شروع کردیم: ایجاد یک فضایی که افراد بتوانند در زمان نیاز با هم همکاری کنند.",
        "aboutWorkHeading": "چگونه کار می‌کند - سفر",
        "aboutWorkPara": "Hope4Iran از نیاز جامعه به تبدیل شدن به دست کمک کننده برای افرادی که جمع‌آوری سرمایه را شروع می‌کنند آغاز شد. ما هدفمند به کاهش اختلاف بین افراد نیازمند و افراد مایل به کمک از طریق راهکارهای نوآورانه هر بار تمرکز داریم.",
        "teamHeading": "تیم ما را ببینید",
        "teamPara": "در Hppe4Iran، ما یک تیم از متخصصین متعهد از مناطق مختلف داریم که برای هدف کمک به افراد در جمع‌آوری سرمایه و کمک به کسانی که مایل به کمک هستند به یکدیگر متصل هستند."
    },
    "fundraise": {
        "fundCategories": "دسته‌بندی‌های جمع‌آوری سرمایه",
        "allCategory": "همه دسته‌بندی‌ها",
        "allFundraisingFor": "همه جمع‌آوری‌های سرمایه برای",
        "heading": "یک جمع‌آوری سرمایه را شروع کنید: به ما بپیوندید در کمک به مردم و تغییر زندگی‌ها",
        "para": "به ما اعتماد کنید و تجربه کنید ساده‌ترین مسیر به سمت جمع‌آوری سرمایه موفق. Hope4Iran هدف دارد اولین باشد که از تغییر زندگی‌ها و بالا بردن افرادی که در جنبه‌های مختلف زندگی‌شان مشکل دارند، حمایت و مشارکت می‌کند.",
        "fundCatHeading": "دسته‌بندی‌هایی که ما به آنها کمک می‌کنیم را کشف کنید.",
        "fundCatPara": "در Hope4Iran، ما طیف گسترده‌ای از پشتیبانی‌های جمع‌آوری سرمایه برای نیازها و دلایل مختلف ارائه می‌دهیم. آنها را اینجا کشف کنید."
    },
    "project": {
        "subHeading": "امروز از دلایل ما حمایت کنید",
        "heading": "بهترین فرصت‌های داوطلبانه در ایران را پیدا کنید.",
        "para": "کنجکاو هستید که بخشی از تیمی باشید که از تغییر زندگی‌ها حمایت می‌کند؟ به Hope4Iran بپیوندید. با ما، شما می‌توانید هم با اهدا کردن و هم به عنوان داوطلب برای کار بر روی کمپین‌های جمع‌آوری سرمایه و بخشی از ماموریت ما باشید."
    },
    "contact": {
        "heading": "بیایید چیزی عالی خلق کنیم!",
        "para": "Hope4Iran بهترین مکان برای جمع‌آوری و کمک به هر علت است. اگر شما کسی هستید که می‌خواهید برای هر کسی که نیاز دارد سرمایه جمع‌آوری کنید یا کسی که مایل به اشتراک‌گذاری و کمک به افراد نیازمند است، با ما ارتباط برقرار کنید.",
        "formHeading": "چگونه می‌توانیم کمک کنیم؟",
        "formPara": "ما هدف شما را با جمع‌آوری این جزئیات درک می‌کنیم.",
        "name": "نام کامل",
        "subject": "موضوع",
        "message": "پیام شما (اختیاری)",
        "locationHeading": "مکان‌های ما",
        "locationPara": "Hope4Iran یک پلتفرم دیجیتال بدون مرز و بدون مکان است. با این حال، شما می‌توانید در این مکان‌ها با ما تماس بگیرید. با تیمی از افراد نیکوکار که مایل به کار برای علت‌های بهتر هستند، ما به چندین نقطه عطف دست یافته‌ایم که داشتن این مکان‌های دفتر یکی از آنهاست. ما خوشحالیم که شما را داریم.",
        "deatilHeading": "امروز به ما بپیوندید",
        "deatilPara": "Hope4Iran محیطی بسیار سالم با تیمی متعهد دارد که در هر مرحله از جمع‌آوری سرمایه از شما حمایت می‌کنند. علاقه و تمایل شما به اهدا نشان‌دهنده حمایت شما از ماموریت ما برای قدرت‌بخشیدن و بالا بردن افراد نیازمند است. ما کمک‌های چشمگیری با ارائه وجوه ضروری به چندین فرد، خانواده و جامعه کرده‌ایم. هنگامی که به ما بپیوندید، بخشی از تیم ما می‌شوید که همچنان تفاوت‌های معناداری در زندگی بسیاری ایجاد می‌کنیم.",
        "contactDetails": "تماس دتیلس ",
        "deatilPara2": "ما منتظر ارتباط با شما هستیم. برای هر گونه پرسش و درک شرایط ما، می‌توانید مستقیماً به ما بنویسید یا با ما با جزئیات زیر تماس بگیرید:"
    },
    "contactDetail": {
        "emailText": "ایمیل",
        "email": "hoda@example.org",
        "email2": "heidari.shervin@pashaei.org",
        "phoneText": "فون ",
        "Phone": "02699198762",
        "Phone2": "02699198762",
        "socialMedia": "سوکیال مدیا؛"
    },
    "signIn": {
        "heading": "خوش آمدید!",
        "para": "با هم، می‌توانیم امید را برای فردای بهتر تقویت کنیم.",
        "email": "آدرس ایمیل",
        "password": "رمز عبور",
        "login": "لوگین ",
        "signUp": "سیگن اپ",
        "forgetPassword": "فورگوت پسورد؟",
        "rememberMe": "مرا به خاطر بسپار",
        "dontHaveAccount": "حساب کاربری ندارید؟"
    },
    "signUp": {
        "heading": "شما جدید هستید!",
        "para": "با افرادی که تمایل شما به آینده‌ای مثبت‌تر برای ایران را به اشتراک می‌گذارند، ارتباط برقرار کنید.",
        "name": "نام کامل",
        "email": "آدرس ایمیل",
        "password": "رمز عبور",
        "iAgree": "من موافقم با",
        "terms": "شرایط",
        "and": "و",
        "privacy": "سیاست حفظ حریم خصوصی.",
        "alreadyAccount": "حساب کاربری دارید؟"
    },
    "passwordReset": {
        "heading": "بازنشانی رمز عبور",
        "para": "بازنشانی رمز عبورLorem ipsum dolor sit amet consectetur. A convallis velit odio",
        "newPassword": "رمز عبور جدید",
        "confirmPassword": "تأیید رمز عبور",
        "forgetPassword": "فورگوت پسورد؟",
        "forgetPasswordPara": "نگران نباشید! این اتفاق می‌افتد. لطفاً ایمیل مرتبط با حساب کاربری خود را وارد کنید.",
        "email": "آدرس ایمیل",
        "Continue": "ادامه",
        "returnTo": "بازگشت به",
        "passwordResetCode": "کد بازنشانی رمز عبور",
        "sentToEmailCode": "ما یک کد به ایمیل شما ارسال کرده‌ایم",
        "Verify": "تأیید",
        "passwordChanged": "رمز عبور تغییر کرد",
        "passwordChangedSuccess": "رمز عبور شما با موفقیت تغییر کرد",
        "backToLogin": "بازگشت به ورود"
    }
}